{
  "id": "vertamedia-clickhouse-datasource",
  "type": "datasource",
  "name": "Altinity plugin for ClickHouse",
  "metrics": true,
  "annotations": true,
  "backend": true,
  "alerting": true,
  "logs": true,
  "executable": "altinity-clickhouse-plugin",
  "info": {
    "description": "Altinity Grafana datasource for ClickHouse",
    "author": {
      "name": "Altinity",
      "url": "https://altinity.com/"
    },
    "keywords": [
      "clickhouse",
      "datasource",
      "analytics",
      "timeseries"
    ],
    "logos": {
      "small": "img/altinity_logo.svg",
      "large": "img/altinity_logo.svg"
    },
    "screenshots": [
      {
        "name": "Connection properties",
        "path": "img/datasource.png"
      },
      {
        "name": "Query editor",
        "path": "img/query_editor.png"
      },
      {
        "name": "Annotations editor",
        "path": "img/annotations.png"
      }
    ],
    "links": [
      {
        "name": "GitHub",
        "url": "https://github.com/Altinity/clickhouse-grafana"
      }
    ],
    "version": "2.5.1",
    "updated": "2020-07-31"
  },
  "dependencies": {
    "grafanaDependency": ">=4.6.0",
    "plugins": []
  }
}
